{"data":{"m_def":"../upload/raw/STS.scheme.archive.yaml#/definitions/section_definitions/0","reader":"sts","nxdl":"NXsts","input_files":["STS_nanonis_generic_5e_1.dat","config_file_for_dat.json","eln_data.yaml"],"definition":"NXsts","experiment_type":"sts","type":"background","entry_identifier":"221122_Au_5K00014","collection_identifier":"221122_Au_5K","experiment_identifier":"C:\\Users\\SPM-PEEM\\Desktop\\DATA_Nanonis\\20220711_CreaTec_Service_Benchmarks_LHe\\Nanonis-Session-PMD100-HVHU_CreaTec_Service_PalmaLabBerlin220711","experiment_description":"Bias Spectroscopy: SYNC & Filter LP 8order WITHDRAW             600 steps, locked Au(111), 50pA, 100 mV set point, 1mV DCA, 973Hz,138             1st H, -84 2nd H","Instrument":{"stm_head_temp":4.92997,"hardware":{"name":"Nanonis BP5e"},"software":{"version":"Generic 5e","vendor":"nanonis","rt_release":"10771","ui_release":"10771"},"lock_in":{"status":"ON","lock_in_data_flip_number":-1,"modulation_signal":973,"modulation_frequency":973,"modulation_amplitude":0.002},"sample_bias":{"bias":0.1,"bias_calibration":1,"bias_offset":"0"},"piezo_config":{"active_calib":"LHe"}}}}
